{
  "appid": "oeVkj2lYFGnJu5XUtWisfW4utiN4u9Mq",
  "appSecret": "248,208,180,108,132,92,172,184,256,152,256,144,48,172,220,56,100,124,144,160,148,88,28,100,120,152,244,244,120,236,164,204",
  "test_appid": "1xMdjbmOBYctEJfye4EjFLR2M6YpYyyJ",
  "test_appSecret": "64,48,260,176,56,104,112,68,252,220,108,236,200,248,60,172,256,24,72,56,236,124,80,168,156,84,136,172,64,72,152,244",
  "home_kit_client_id":"wZoSJakXZOUzpu81RoeMvZVYX2Y5zmZv",
  "test_home_kit_client_id":"Gtr8FZ33izourC2K9YowDZ5eod6Etd5T",
  "nest_client_id":"f75c4970-7785-4467-a91b-b37275d4f334",
  "nest_client_secret":"nn3DZPScYDlzTlRXSP87eoNPL",
  "nest_authorization_url":"https://home.nest.com/login/oauth2?client_id=%CLIENT_ID%&state=%STATE%",
  "free_back_url":"default",
  "isSupportMdnsLANControl":true
}